Player,R,ACS,K:D,KAST,ADR,KPR,APR,FKPR,FDPR,HS%,CL%,K,D,A,FK,FD,DPR
florescent,1.43,283.8,1.73,0.74,189.3,1.03,0.19,0.23,0.16,35.0,33.0,232,134,43,52,35,0.596
moose,1.31,266.4,1.54,0.77,173.7,0.96,0.24,0.16,0.1,23.0,22.0,442,287,112,72,45,0.621
sarahcat,1.31,235.8,1.36,0.82,153.5,0.84,0.46,0.08,0.09,27.0,8.0,190,140,103,19,20,0.622
kaho,1.3,259.7,1.5,0.75,174.4,0.93,0.16,0.13,0.09,23.0,25.0,224,149,38,31,22,0.616
chloric,1.27,219.4,1.31,0.77,146.5,0.76,0.35,0.08,0.06,25.0,15.0,378,289,175,41,29,0.581
Jamppi,1.25,240.3,1.37,0.77,152.6,0.91,0.38,0.13,0.06,34.0,5.0,184,134,77,26,13,0.66
Alexy,1.24,223.6,1.31,0.75,145.9,0.81,0.32,0.1,0.05,23.0,20.0,163,124,64,21,10,0.617
zeek,1.23,257.3,1.29,0.76,166.0,0.9,0.33,0.13,0.08,24.0,9.0,339,262,124,49,30,0.695
alexis,1.23,195.3,1.19,0.86,128.4,0.68,0.58,0.08,0.08,29.0,18.0,154,129,131,17,19,0.573
Playboi Joe,1.22,222.6,1.26,0.8,144.4,0.8,0.4,0.07,0.06,21.0,22.0,174,138,88,15,14,0.633
Vuubit,1.22,275.4,1.38,0.75,174.0,1.0,0.2,0.2,0.15,28.0,26.0,289,209,58,59,42,0.723
Lear,1.2,226.4,1.27,0.77,147.6,0.8,0.32,0.11,0.08,22.0,14.0,371,293,148,49,38,0.634
Anima,1.2,227.5,1.19,0.8,153.1,0.78,0.52,0.04,0.06,29.0,15.0,186,156,125,10,15,0.653
Cain,1.19,216.8,1.22,0.76,137.3,0.76,0.42,0.1,0.08,22.0,28.0,351,288,193,46,39,0.626
neptune,1.19,230.1,1.29,0.77,146.0,0.86,0.4,0.13,0.08,34.0,16.0,329,255,151,49,29,0.668
Ali,1.19,230.7,1.16,0.78,149.9,0.78,0.48,0.11,0.07,25.0,20.0,493,426,304,69,47,0.675
Rythm,1.19,228.0,1.35,0.73,160.7,0.82,0.25,0.06,0.07,30.0,12.0,183,136,56,13,15,0.613
musashi,1.18,219.9,1.29,0.73,139.3,0.81,0.38,0.08,0.09,28.0,8.0,296,230,139,31,34,0.627
chiwa,1.18,204.5,1.28,0.73,133.6,0.75,0.26,0.05,0.07,25.0,21.0,275,215,97,19,25,0.586
nk4y,1.18,250.9,1.27,0.74,169.9,0.92,0.17,0.16,0.12,33.0,14.0,254,200,48,43,33,0.725
cavern,1.18,245.0,1.14,0.76,167.2,0.79,0.44,0.1,0.06,16.0,9.0,182,160,101,22,14,0.699
meL,1.18,179.3,1.14,0.8,114.0,0.66,0.44,0.06,0.06,23.0,21.0,149,131,100,13,13,0.582
v1c,1.18,220.4,1.24,0.73,143.2,0.78,0.26,0.12,0.06,25.0,18.0,241,194,79,37,19,0.63
xeus,1.17,260.9,1.28,0.74,172.6,0.92,0.2,0.18,0.17,27.0,8.0,220,172,48,42,41,0.72
baddyG,1.17,216.5,1.19,0.74,145.7,0.74,0.37,0.1,0.09,29.0,25.0,273,229,137,37,33,0.624
Leosen,1.17,241.5,1.19,0.72,155.6,0.83,0.3,0.11,0.13,35.0,15.0,221,185,80,30,35,0.698
Spaz,1.17,215.5,1.19,0.77,138.2,0.75,0.45,0.08,0.07,19.0,22.0,552,464,334,56,53,0.631
Bob,1.17,228.6,1.29,0.81,157.8,0.82,0.27,0.07,0.04,32.0,17.0,189,147,61,17,9,0.639
Ruxic,1.17,234.5,1.29,0.76,151.9,0.84,0.34,0.13,0.1,33.0,23.0,181,140,73,29,22,0.648
Feeqn,1.16,239.1,1.2,0.76,157.9,0.84,0.24,0.12,0.08,19.0,19.0,243,202,69,35,22,0.699
Pa1nt,1.16,254.8,1.22,0.74,162.6,0.89,0.17,0.2,0.16,27.0,24.0,615,503,118,141,114,0.726
Kush,1.16,230.4,1.2,0.74,155.8,0.79,0.27,0.1,0.09,32.0,26.0,258,215,89,32,30,0.66
dodonut,1.16,220.4,1.16,0.74,145.3,0.76,0.4,0.08,0.06,25.0,26.0,517,446,269,57,42,0.658
dip,1.16,217.7,1.21,0.76,145.9,0.78,0.35,0.07,0.07,27.0,16.0,374,308,169,36,32,0.639
Gdzin,1.16,254.5,1.25,0.74,164.3,0.88,0.17,0.2,0.16,25.0,11.0,223,178,43,50,40,0.706
happy,1.16,205.6,1.18,0.73,139.1,0.71,0.3,0.05,0.05,24.0,13.0,232,197,98,16,17,0.606
zekken,1.15,243.8,1.18,0.73,161.2,0.83,0.24,0.19,0.2,20.0,12.0,197,167,56,46,48,0.708
sonder,1.15,255.7,1.12,0.72,163.3,0.84,0.32,0.21,0.17,23.0,14.0,359,321,135,90,71,0.75
Cade3k,1.15,246.7,1.26,0.72,161.3,0.88,0.19,0.18,0.15,32.0,25.0,479,379,104,98,80,0.698
WeDid,1.15,204.9,1.21,0.77,139.8,0.75,0.41,0.07,0.05,29.0,17.0,409,339,224,39,29,0.623
sociablEE,1.15,226.5,1.14,0.72,152.1,0.77,0.28,0.17,0.11,28.0,7.0,166,145,60,37,23,0.671
toozy,1.14,203.0,1.12,0.81,133.1,0.69,0.5,0.06,0.06,25.0,17.0,298,266,217,28,24,0.614
Snowi,1.14,190.3,1.06,0.75,122.8,0.69,0.49,0.06,0.05,28.0,15.0,199,187,142,16,15,0.647
Andersin,1.14,222.6,1.19,0.72,150.3,0.83,0.32,0.1,0.09,30.0,15.0,368,309,141,46,40,0.693
Anq,1.14,230.6,1.25,0.7,149.4,0.83,0.16,0.16,0.14,26.0,23.0,219,175,41,42,38,0.665
Dannyy,1.14,202.4,1.11,0.74,133.1,0.71,0.48,0.07,0.05,29.0,15.0,185,167,124,18,13,0.642
enerii,1.14,255.6,1.22,0.74,159.6,0.91,0.2,0.16,0.16,23.0,20.0,183,150,40,33,33,0.746
hieu,1.14,263.5,1.21,0.68,167.3,0.9,0.11,0.29,0.19,31.0,100.0,235,195,28,75,50,0.75
KovaQ,1.13,246.7,1.19,0.73,165.7,0.89,0.22,0.08,0.08,32.0,24.0,185,156,46,17,17,0.746
turkish,1.13,230.8,1.26,0.7,155.0,0.82,0.12,0.13,0.08,34.0,25.0,176,140,26,28,18,0.654
Julia,1.12,208.8,1.16,0.75,136.8,0.76,0.33,0.05,0.07,37.0,16.0,325,280,141,22,32,0.654
Xan,1.12,260.0,1.15,0.71,168.4,0.89,0.16,0.19,0.16,27.0,14.0,202,175,36,44,37,0.774
geeza,1.12,224.8,1.16,0.72,148.9,0.79,0.18,0.13,0.07,35.0,12.0,323,279,75,52,30,0.684
Pain,1.12,254.5,1.19,0.71,166.3,0.9,0.14,0.17,0.14,35.0,11.0,211,177,33,41,33,0.753
Laz,1.12,212.9,1.21,0.74,144.9,0.76,0.28,0.08,0.08,31.0,16.0,270,223,98,27,30,0.63
renz,1.12,211.9,1.23,0.73,144.4,0.8,0.28,0.06,0.06,25.0,18.0,259,210,91,20,21,0.648
Obnoks,1.12,230.3,1.22,0.68,153.0,0.83,0.12,0.12,0.08,25.0,10.0,233,191,33,33,22,0.682
Cunha20,1.12,206.5,1.21,0.75,132.4,0.76,0.39,0.06,0.05,45.0,13.0,207,171,107,16,14,0.624
Jayz,1.12,217.6,1.29,0.78,141.6,0.81,0.31,0.06,0.06,46.0,16.0,205,159,79,14,15,0.631
Jesmu,1.12,203.5,1.08,0.75,132.7,0.72,0.42,0.06,0.06,20.0,33.0,207,192,121,16,18,0.664
Petra,1.11,248.7,1.19,0.69,164.8,0.86,0.15,0.21,0.19,26.0,8.0,179,151,32,43,40,0.726
smiley,1.11,194.9,1.02,0.77,124.1,0.69,0.51,0.06,0.09,32.0,20.0,223,218,166,18,28,0.673
Kyu,1.11,235.6,1.17,0.74,155.8,0.84,0.32,0.1,0.1,31.0,18.0,342,293,131,40,39,0.718
hannah,1.11,198.3,1.12,0.77,131.8,0.69,0.3,0.09,0.06,25.0,10.0,239,214,103,30,21,0.615
d4v41,1.11,198.5,1.18,0.73,129.8,0.75,0.28,0.08,0.05,35.0,23.0,180,153,67,20,12,0.635
Fragger,1.11,221.3,1.12,0.73,148.5,0.77,0.32,0.09,0.05,30.0,14.0,210,187,89,25,15,0.682
Cohburg,1.1,215.1,1.16,0.76,142.5,0.76,0.29,0.09,0.08,27.0,24.0,326,281,125,37,35,0.657
f1cio,1.1,235.9,1.13,0.7,157.2,0.83,0.25,0.11,0.09,30.0,10.0,170,150,52,23,18,0.735
Dark3st,1.1,208.7,1.09,0.75,136.5,0.73,0.48,0.09,0.08,26.0,17.0,654,599,426,80,75,0.671
TenZ,1.1,215.9,1.09,0.76,145.7,0.78,0.49,0.12,0.13,27.0,11.0,183,168,115,28,31,0.712
benjii,1.1,189.3,1.18,0.74,130.7,0.71,0.23,0.08,0.06,22.0,25.0,472,399,155,50,43,0.601
aNguiSt,1.1,208.8,1.22,0.69,140.5,0.78,0.12,0.08,0.06,36.0,11.0,322,264,50,35,23,0.641
LewN,1.09,237.0,1.19,0.72,154.4,0.84,0.14,0.15,0.14,34.0,28.0,280,236,47,51,46,0.704
socools0da,1.09,201.1,1.08,0.77,132.2,0.73,0.36,0.1,0.09,36.0,20.0,259,240,126,35,33,0.678
YESicaN,1.09,216.7,1.08,0.8,142.8,0.78,0.44,0.06,0.06,33.0,14.0,160,148,90,13,13,0.725
misu,1.09,186.2,1.05,0.73,122.1,0.67,0.37,0.08,0.04,25.0,7.0,160,152,89,18,9,0.636
Drone,1.09,234.6,1.2,0.71,152.0,0.85,0.22,0.12,0.11,28.0,14.0,340,283,90,48,43,0.706
bones,1.09,227.8,1.08,0.71,143.0,0.77,0.36,0.1,0.08,23.0,18.0,186,172,88,25,19,0.711
flowerful,1.09,208.8,1.15,0.72,141.0,0.74,0.17,0.05,0.06,26.0,16.0,315,274,74,23,24,0.64
something,1.08,216.8,1.11,0.7,141.4,0.78,0.18,0.18,0.14,29.0,7.0,203,183,46,46,37,0.704
PoomOneLove,1.08,196.6,1.1,0.73,127.4,0.72,0.34,0.05,0.06,34.0,16.0,255,232,119,16,20,0.655
Zellsis,1.08,195.0,1.09,0.72,115.9,0.69,0.43,0.06,0.06,18.0,22.0,164,151,102,14,15,0.64
seven,1.08,231.3,1.2,0.7,150.8,0.82,0.18,0.15,0.12,22.0,15.0,271,226,60,49,39,0.683
scarn,1.08,243.5,1.16,0.72,157.7,0.85,0.16,0.23,0.19,23.0,16.0,350,303,66,94,78,0.739
spoof,1.08,209.5,1.04,0.71,136.8,0.74,0.33,0.12,0.08,25.0,22.0,224,215,100,35,23,0.707
mimi,1.08,214.8,1.07,0.77,144.2,0.75,0.46,0.11,0.1,26.0,19.0,157,147,95,22,21,0.707
nAts,1.08,215.1,1.16,0.71,141.8,0.76,0.14,0.09,0.08,27.0,10.0,154,133,29,19,16,0.655
Keiko,1.07,215.5,1.09,0.72,138.1,0.76,0.16,0.17,0.2,27.0,21.0,155,142,32,34,40,0.7
Logan,1.07,224.9,1.1,0.71,143.3,0.77,0.2,0.18,0.17,21.0,11.0,511,465,130,122,113,0.7
nocz,1.07,196.7,1.09,0.77,130.4,0.7,0.48,0.07,0.07,33.0,24.0,150,137,103,14,16,0.64
blowz1n,1.07,198.4,1.05,0.75,129.0,0.71,0.43,0.09,0.07,33.0,32.0,153,146,92,19,16,0.682
Noia,1.07,199.1,1.17,0.73,128.9,0.74,0.15,0.09,0.08,30.0,7.0,166,142,34,20,17,0.631
Kohliii,1.07,207.7,0.99,0.75,133.7,0.69,0.51,0.09,0.07,25.0,8.0,144,145,107,19,15,0.694
jcrueL,1.07,220.9,1.09,0.68,142.6,0.77,0.32,0.08,0.07,23.0,13.0,210,192,87,21,18,0.701
Leviathan,1.07,202.2,1.09,0.72,131.2,0.74,0.34,0.08,0.09,33.0,13.0,382,350,177,42,47,0.681
johnqt,1.07,191.7,1.05,0.72,128.8,0.69,0.26,0.08,0.05,29.0,18.0,163,155,61,18,11,0.657
Truth,1.07,195.3,1.04,0.74,136.2,0.68,0.36,0.07,0.05,32.0,18.0,282,272,150,31,21,0.657
mada,1.07,235.3,1.06,0.66,149.8,0.77,0.18,0.2,0.23,20.0,17.0,172,162,40,44,51,0.73
Ange,1.07,210.3,1.11,0.72,135.3,0.72,0.28,0.11,0.09,24.0,12.0,288,259,113,44,37,0.646
Bizerra,1.07,205.5,1.07,0.7,137.0,0.72,0.3,0.12,0.07,26.0,26.0,254,237,104,43,24,0.675
zero cap,1.06,194.9,1.05,0.78,129.4,0.68,0.35,0.07,0.06,29.0,10.0,195,185,101,21,18,0.647
xuss,1.06,232.8,1.15,0.66,154.5,0.84,0.1,0.19,0.16,30.0,11.0,234,203,27,53,46,0.725
Turko,1.06,175.5,1.13,0.72,117.7,0.64,0.18,0.1,0.07,25.0,23.0,138,122,39,21,15,0.565
Teague,1.06,204.2,0.97,0.75,125.6,0.68,0.45,0.13,0.1,20.0,7.0,503,517,334,92,77,0.703
mdg,1.06,224.9,1.14,0.71,154.0,0.79,0.21,0.1,0.1,26.0,14.0,199,175,54,25,25,0.694
d1srupt,1.06,222.9,1.12,0.66,145.2,0.83,0.12,0.17,0.17,32.0,7.0,253,226,36,53,52,0.739
grubinho,1.06,206.3,1.04,0.72,131.3,0.72,0.36,0.1,0.07,33.0,15.0,198,191,100,28,18,0.692
L4CE,1.06,204.4,1.04,0.74,135.1,0.72,0.38,0.07,0.05,28.0,11.0,569,548,302,53,43,0.695
Techno,1.05,194.9,1.01,0.75,127.1,0.71,0.41,0.08,0.08,28.0,15.0,216,214,125,24,25,0.699
kev,1.05,225.8,1.02,0.71,143.8,0.79,0.33,0.12,0.09,24.0,4.0,267,262,111,39,32,0.775
qw1,1.05,215.7,1.16,0.68,137.8,0.79,0.11,0.13,0.11,30.0,5.0,171,148,23,27,23,0.685
JohnOlsen,1.05,230.9,1.11,0.71,152.9,0.81,0.16,0.16,0.15,28.0,14.0,414,374,83,83,76,0.728
ray4c,1.05,269.5,1.26,0.77,163.1,0.94,0.2,0.17,0.16,11.0,7.0,197,156,41,36,34,0.746
ALIVE,1.05,217.5,1.1,0.71,136.5,0.77,0.13,0.19,0.17,23.0,28.0,284,258,47,68,63,0.703
Famsii,1.05,243.9,1.12,0.67,158.6,0.87,0.13,0.16,0.16,33.0,14.0,239,214,35,43,45,0.775
monSi,1.05,193.9,1.03,0.75,127.3,0.68,0.31,0.08,0.08,28.0,15.0,499,483,226,57,60,0.657
ralle,1.05,211.8,1.1,0.71,143.0,0.81,0.35,0.08,0.06,40.0,17.0,220,200,95,22,17,0.735
thief,1.05,194.7,1.11,0.77,131.8,0.72,0.39,0.06,0.03,25.0,16.0,159,143,86,14,7,0.644
brk,1.05,226.3,1.08,0.69,144.0,0.79,0.19,0.26,0.2,18.0,31.0,216,200,51,72,55,0.73
Kadoom,1.05,247.9,1.16,0.74,161.5,0.89,0.18,0.22,0.16,25.0,10.0,343,295,69,83,63,0.766
JitBoyS,1.05,216.2,1.14,0.7,147.5,0.78,0.16,0.07,0.07,36.0,17.0,201,177,42,18,17,0.689
snirot,1.05,184.3,0.97,0.77,119.6,0.65,0.43,0.07,0.06,33.0,13.0,193,198,127,20,19,0.671
penny,1.05,223.3,1.02,0.69,144.7,0.76,0.2,0.14,0.14,22.0,13.0,249,243,66,45,47,0.741
yiinel,1.04,201.6,1.02,0.75,128.8,0.7,0.38,0.09,0.09,33.0,10.0,267,261,145,33,36,0.681
Mistic,1.04,193.1,1.07,0.74,128.2,0.72,0.36,0.08,0.07,30.0,19.0,146,136,74,16,15,0.67
Addicted,1.04,181.7,1.09,0.73,120.8,0.68,0.27,0.07,0.05,30.0,11.0,185,170,75,19,14,0.62
ScrewFace,1.04,209.9,0.96,0.71,140.0,0.69,0.32,0.12,0.08,24.0,10.0,323,336,151,56,36,0.716
mikshak,1.04,188.5,0.99,0.73,122.9,0.68,0.35,0.09,0.07,33.0,17.0,150,151,77,19,16,0.68
Kanpeki,1.04,201.2,1.01,0.72,130.6,0.7,0.35,0.06,0.08,21.0,20.0,144,143,73,12,17,0.694
mikalulba,1.04,211.0,1.04,0.69,142.5,0.73,0.28,0.05,0.06,23.0,18.0,174,167,67,11,14,0.699
andrew,1.04,221.1,1.04,0.73,143.4,0.77,0.21,0.14,0.13,26.0,16.0,168,162,46,31,28,0.743
clear,1.04,252.8,1.19,0.72,160.4,0.9,0.09,0.24,0.16,36.0,14.0,281,236,29,75,49,0.756
SemberN,1.04,200.8,1.05,0.67,133.8,0.72,0.22,0.08,0.08,26.0,17.0,200,191,60,22,22,0.692
shirazi,1.04,190.6,1.02,0.73,131.0,0.66,0.35,0.09,0.08,22.0,24.0,132,129,71,18,16,0.642
d1msumboi,1.04,182.0,0.99,0.7,122.0,0.62,0.18,0.07,0.08,35.0,9.0,139,140,40,16,17,0.622
Sacy,1.04,191.2,1.08,0.75,125.6,0.71,0.37,0.05,0.06,31.0,27.0,167,154,88,12,13,0.653
brawk,1.04,179.1,0.96,0.73,122.0,0.62,0.36,0.09,0.07,22.0,16.0,137,142,79,21,15,0.64
PTC,1.04,192.8,1.01,0.73,125.3,0.66,0.39,0.08,0.08,28.0,17.0,341,338,201,39,43,0.658
bstrdd,1.04,238.4,1.13,0.71,157.6,0.85,0.13,0.19,0.16,29.0,11.0,299,264,47,68,56,0.752
DarkLight,1.03,204.6,1.05,0.74,137.6,0.74,0.33,0.06,0.09,27.0,29.0,183,174,80,14,23,0.707
ri4d,1.03,193.1,0.95,0.7,125.6,0.69,0.42,0.12,0.09,33.0,6.0,156,164,96,27,21,0.722
Nanners,1.03,206.3,1.03,0.69,136.0,0.7,0.25,0.09,0.13,28.0,23.0,268,260,97,35,49,0.679
Okeanos,1.03,248.6,1.09,0.66,159.3,0.85,0.17,0.21,0.19,29.0,4.0,404,371,81,101,92,0.783
mikeE,1.03,200.8,1.0,0.7,134.0,0.7,0.24,0.11,0.07,31.0,12.0,318,318,107,48,31,0.704
gMd,1.03,189.1,0.92,0.74,117.7,0.65,0.49,0.06,0.06,35.0,19.0,223,243,166,20,21,0.713
S1ay3rr,1.03,241.5,1.04,0.73,157.5,0.82,0.19,0.22,0.14,16.0,11.0,199,191,45,54,34,0.789
bdog,1.03,228.6,1.13,0.73,148.6,0.82,0.16,0.17,0.16,27.0,25.0,231,205,46,47,45,0.73
Tim,1.03,193.7,0.99,0.76,125.5,0.67,0.48,0.07,0.08,23.0,16.0,255,258,182,28,29,0.674
qq,1.03,220.4,1.0,0.71,144.8,0.74,0.24,0.16,0.14,21.0,20.0,262,262,86,55,51,0.74
atlas,1.03,213.8,1.1,0.75,135.0,0.78,0.26,0.08,0.08,26.0,19.0,159,145,52,17,16,0.714
cgrs,1.03,208.8,1.09,0.74,143.2,0.73,0.25,0.07,0.06,26.0,15.0,282,258,98,27,24,0.67
asta,1.03,177.2,0.95,0.75,117.9,0.62,0.28,0.07,0.04,20.0,16.0,156,164,70,17,11,0.651
KHS,1.03,228.5,1.02,0.73,150.8,0.79,0.35,0.14,0.09,26.0,6.0,309,302,139,56,36,0.768
infiltrator,1.02,248.8,1.11,0.71,161.6,0.85,0.18,0.24,0.22,25.0,16.0,276,248,58,77,71,0.765
Momiji,1.02,211.9,1.05,0.71,143.4,0.75,0.29,0.07,0.1,27.0,20.0,222,211,87,20,30,0.71
DaviH,1.02,189.1,1.03,0.71,128.1,0.68,0.26,0.06,0.06,25.0,7.0,299,291,117,28,26,0.658
Matrixx,1.02,201.8,1.05,0.7,134.0,0.73,0.3,0.07,0.1,28.0,25.0,239,227,99,23,33,0.69
Kushay,1.02,201.7,1.08,0.75,129.2,0.74,0.33,0.11,0.1,30.0,17.0,246,228,111,35,34,0.687
daiki,1.02,198.1,0.98,0.75,124.7,0.69,0.41,0.08,0.06,26.0,21.0,242,248,144,29,21,0.707
f0rsakeN,1.02,200.4,1.02,0.73,133.7,0.72,0.36,0.08,0.13,30.0,27.0,162,159,82,17,29,0.704
Br0die,1.02,172.6,1.0,0.72,115.6,0.61,0.32,0.09,0.07,27.0,3.0,223,224,118,32,25,0.61
VYX,1.02,191.2,1.02,0.73,131.7,0.69,0.26,0.05,0.05,30.0,7.0,299,292,113,22,22,0.67
evv,1.01,191.0,1.01,0.74,124.3,0.69,0.33,0.05,0.07,35.0,18.0,345,342,164,24,35,0.683
iluri,1.01,182.5,0.93,0.74,118.1,0.65,0.38,0.06,0.08,31.0,26.0,181,195,105,17,22,0.696
bENITA,1.01,191.7,0.97,0.71,127.5,0.66,0.35,0.06,0.1,26.0,24.0,282,290,148,25,41,0.678
ShoT_UP,1.01,185.6,0.95,0.75,116.7,0.66,0.45,0.06,0.05,28.0,12.0,312,330,212,28,26,0.695
Vince,1.01,196.7,1.02,0.73,126.9,0.69,0.32,0.07,0.06,23.0,22.0,303,297,142,29,25,0.672
panday,1.01,207.2,1.03,0.71,133.3,0.74,0.25,0.11,0.08,33.0,18.0,482,468,164,72,55,0.717
MaximN,1.01,178.3,0.95,0.79,117.9,0.62,0.49,0.05,0.05,27.0,21.0,153,161,121,13,12,0.654
demon,1.01,221.2,1.02,0.73,140.5,0.77,0.28,0.14,0.15,21.0,11.0,176,172,63,31,35,0.751
elllement,1.01,231.2,1.08,0.68,152.5,0.81,0.18,0.17,0.17,25.0,12.0,358,331,79,75,76,0.749
contii,1.01,196.5,1.06,0.76,131.0,0.68,0.29,0.06,0.06,17.0,21.0,180,170,75,17,17,0.646
Jerk,1.01,199.4,1.02,0.73,134.3,0.71,0.27,0.05,0.08,19.0,23.0,202,198,77,14,22,0.692
no1syboy,1.01,202.3,1.02,0.72,135.0,0.73,0.21,0.06,0.08,26.0,11.0,175,171,51,15,19,0.715
Kntz,1.01,188.9,1.06,0.77,123.5,0.68,0.36,0.04,0.06,27.0,14.0,262,248,139,15,22,0.644
Add3r,1.01,198.1,1.07,0.72,134.5,0.71,0.27,0.08,0.06,33.0,15.0,213,200,80,24,19,0.664
mindfreak,1.01,186.6,0.92,0.71,123.9,0.64,0.36,0.04,0.05,29.0,14.0,135,147,76,8,11,0.693
ban,1.0,196.0,0.93,0.74,130.3,0.67,0.4,0.12,0.07,29.0,14.0,173,187,102,30,17,0.728
Enzo,1.0,176.9,0.89,0.79,116.8,0.57,0.39,0.07,0.05,14.0,20.0,115,129,79,14,10,0.635
Harshhh,1.0,197.8,0.97,0.74,133.1,0.67,0.36,0.08,0.05,23.0,14.0,177,183,95,21,13,0.696
bunnybee,1.0,234.8,1.05,0.67,147.6,0.8,0.19,0.23,0.21,30.0,26.0,399,380,97,114,103,0.758
deejay,1.0,195.8,1.03,0.67,133.6,0.74,0.14,0.14,0.12,24.0,14.0,165,160,31,30,27,0.721
unstable,1.0,221.1,1.05,0.72,143.2,0.79,0.19,0.17,0.14,31.0,9.0,446,426,109,97,80,0.757
Instxnct,1.0,223.3,1.02,0.68,148.9,0.76,0.22,0.17,0.17,23.0,18.0,312,305,88,69,71,0.748
lenne,1.0,206.5,0.95,0.74,133.2,0.69,0.43,0.08,0.07,23.0,11.0,178,188,110,21,17,0.732
Crws,1.0,183.3,0.99,0.73,121.3,0.68,0.35,0.05,0.06,28.0,17.0,175,177,91,13,16,0.689
VenTT,0.99,188.5,0.98,0.76,124.1,0.68,0.45,0.1,0.08,35.0,12.0,162,165,107,23,18,0.69
Crewen,0.99,194.7,1.01,0.72,132.6,0.71,0.23,0.13,0.1,27.0,15.0,169,167,55,30,25,0.699
dazzLe,0.99,191.5,1.01,0.73,124.9,0.66,0.41,0.07,0.12,17.0,32.0,185,184,115,19,33,0.655
sh1va,0.99,203.1,1.06,0.68,137.1,0.74,0.11,0.06,0.09,31.0,9.0,324,307,48,26,41,0.699
Joojina,0.99,194.3,0.98,0.7,127.1,0.7,0.36,0.07,0.09,27.0,19.0,244,249,127,23,31,0.709
DEATHMAKER,0.99,195.1,1.02,0.67,136.3,0.71,0.17,0.11,0.13,29.0,23.0,218,214,52,34,39,0.699
Papicam,0.99,203.3,1.02,0.7,135.0,0.71,0.19,0.1,0.11,25.0,7.0,157,154,42,23,24,0.694
Crunchy,0.99,214.2,0.99,0.68,134.4,0.76,0.33,0.07,0.11,29.0,26.0,208,210,90,20,30,0.769
Ginilson,0.99,188.5,0.93,0.76,119.6,0.66,0.44,0.08,0.13,26.0,13.0,166,178,112,21,34,0.706
avery,0.99,186.3,0.92,0.72,124.8,0.64,0.39,0.07,0.06,21.0,19.0,320,346,195,36,28,0.691
PROFEK,0.99,196.3,0.97,0.72,133.6,0.71,0.32,0.1,0.09,31.0,11.0,266,274,119,37,33,0.727
jwordn,0.99,204.9,0.95,0.71,132.3,0.72,0.4,0.09,0.09,33.0,15.0,258,271,144,33,33,0.753
Karra,0.99,198.7,0.94,0.74,131.8,0.7,0.44,0.09,0.08,36.0,16.0,481,509,306,63,58,0.737
Teerapong,0.99,204.1,0.97,0.7,137.3,0.7,0.29,0.13,0.11,24.0,21.0,249,256,102,45,40,0.723
DisisJohn,0.99,215.8,1.05,0.68,136.1,0.79,0.12,0.22,0.14,22.0,17.0,260,247,38,71,45,0.751
gattizada,0.99,196.7,0.99,0.75,131.8,0.68,0.27,0.05,0.05,28.0,17.0,146,148,58,10,11,0.692
lazylion,0.98,209.2,0.99,0.7,135.0,0.73,0.27,0.13,0.15,23.0,15.0,217,219,80,39,44,0.74
LBY,0.98,192.1,1.01,0.73,127.5,0.71,0.29,0.08,0.08,40.0,7.0,224,222,93,25,24,0.703
moobs,0.98,209.7,1.02,0.7,132.3,0.75,0.23,0.09,0.09,36.0,19.0,197,193,60,24,24,0.734
Shondex,0.98,205.7,0.96,0.71,131.7,0.71,0.19,0.09,0.05,35.0,9.0,187,195,49,25,14,0.739
B3ASTM0D3,0.98,181.7,0.91,0.72,119.8,0.63,0.32,0.07,0.06,38.0,13.0,215,235,110,25,21,0.683
foxz,0.98,195.5,0.94,0.68,130.0,0.68,0.28,0.08,0.12,29.0,11.0,347,368,145,42,60,0.716
sSef,0.98,177.7,0.87,0.7,118.3,0.61,0.41,0.07,0.06,23.0,10.0,227,260,155,27,23,0.693
Aleks,0.98,193.1,0.95,0.73,129.7,0.67,0.36,0.02,0.06,23.0,14.0,139,146,74,5,13,0.709
pho,0.98,184.9,0.92,0.71,121.9,0.63,0.38,0.07,0.09,30.0,24.0,167,181,101,19,24,0.68
Kamiyu,0.98,179.0,0.91,0.69,122.1,0.64,0.37,0.06,0.04,35.0,8.0,128,141,75,12,8,0.701
Blahst,0.98,198.6,1.0,0.68,131.3,0.72,0.21,0.12,0.14,28.0,7.0,274,275,81,47,52,0.718
zharwow,0.98,205.8,0.97,0.7,124.9,0.7,0.38,0.09,0.09,26.0,12.0,167,172,90,21,21,0.72
murii,0.98,183.5,0.92,0.75,120.6,0.64,0.38,0.08,0.09,30.0,14.0,179,194,106,23,25,0.693
yhury,0.98,199.3,1.0,0.72,132.9,0.7,0.17,0.06,0.05,28.0,11.0,381,382,95,32,27,0.703
Chadi,0.98,182.6,0.95,0.7,119.7,0.67,0.29,0.13,0.15,26.0,23.0,251,263,109,50,55,0.698
w0zzip,0.98,157.0,0.88,0.73,109.2,0.55,0.38,0.05,0.04,24.0,21.0,119,135,81,10,9,0.625
Nabber,0.98,212.8,1.05,0.67,137.6,0.76,0.23,0.1,0.11,35.0,14.0,199,189,60,27,28,0.724
Jaf,0.98,202.6,0.99,0.7,130.3,0.74,0.3,0.12,0.09,36.0,29.0,168,170,68,27,21,0.749
Treelover,0.97,185.6,0.92,0.7,120.4,0.65,0.32,0.07,0.06,32.0,19.0,135,147,67,14,12,0.703
Bankroft,0.97,206.0,0.91,0.71,134.9,0.69,0.41,0.07,0.07,19.0,14.0,171,187,101,17,17,0.751
Veer,0.97,181.7,0.97,0.72,114.8,0.64,0.35,0.06,0.05,26.0,8.0,250,259,136,22,20,0.661
John Ham,0.97,198.4,0.94,0.73,136.1,0.68,0.37,0.08,0.08,23.0,10.0,369,392,202,43,46,0.722
NXBLE,0.97,210.9,0.92,0.72,140.4,0.72,0.41,0.1,0.1,26.0,11.0,187,203,108,26,26,0.778
jovahnii,0.97,196.8,0.95,0.74,127.6,0.71,0.35,0.09,0.1,23.0,29.0,186,195,91,23,27,0.747
RoLEX,0.97,189.3,0.92,0.71,127.1,0.64,0.28,0.07,0.07,21.0,12.0,202,219,89,23,22,0.693
Martux,0.97,199.9,0.91,0.71,129.2,0.69,0.43,0.1,0.1,23.0,16.0,187,205,116,28,26,0.754
Blueming,0.97,184.7,0.88,0.71,122.4,0.65,0.37,0.06,0.06,29.0,3.0,168,190,96,16,16,0.731
satellite,0.97,223.7,0.96,0.7,150.5,0.76,0.21,0.18,0.18,19.0,5.0,199,208,54,48,48,0.791
Glance,0.97,177.5,0.91,0.74,116.2,0.62,0.31,0.05,0.07,27.0,14.0,128,141,65,11,14,0.678
glo,0.97,181.6,0.95,0.75,121.4,0.66,0.36,0.06,0.09,33.0,14.0,159,167,86,15,21,0.69
riku,0.97,200.8,0.99,0.67,127.7,0.7,0.31,0.09,0.13,19.0,14.0,282,285,125,35,51,0.711
roxi,0.96,200.4,1.07,0.75,133.4,0.74,0.14,0.09,0.06,24.0,17.0,154,144,29,19,13,0.692
siraphop,0.96,190.6,1.03,0.74,128.0,0.72,0.27,0.09,0.07,41.0,13.0,228,221,86,29,21,0.699
Rebo,0.96,196.0,1.01,0.68,126.9,0.71,0.3,0.1,0.11,20.0,16.0,170,169,71,24,26,0.707
Gloomy,0.96,179.0,0.92,0.72,122.4,0.62,0.28,0.05,0.09,21.0,13.0,148,161,68,13,22,0.674
baha,0.96,190.5,0.9,0.69,127.1,0.66,0.3,0.06,0.07,31.0,24.0,291,323,133,25,29,0.736
aLerT,0.96,227.7,1.0,0.66,150.8,0.79,0.17,0.21,0.17,23.0,7.0,249,249,55,66,55,0.788
Flickless,0.96,173.8,0.89,0.73,121.9,0.61,0.5,0.05,0.06,27.0,19.0,169,190,139,13,17,0.688
ZachaREEE,0.95,193.7,0.99,0.67,124.9,0.67,0.18,0.13,0.11,21.0,14.0,270,273,72,54,43,0.681
Zoestol,0.95,162.7,0.87,0.75,108.0,0.59,0.43,0.06,0.07,23.0,8.0,241,278,176,26,27,0.678
kivary,0.95,227.9,0.98,0.66,149.1,0.79,0.22,0.22,0.2,27.0,9.0,172,176,47,49,44,0.807
Core,0.95,189.0,0.95,0.77,127.5,0.68,0.29,0.08,0.07,30.0,19.0,160,168,69,18,16,0.715
Buld,0.95,178.4,0.84,0.7,121.3,0.59,0.35,0.09,0.11,21.0,6.0,224,266,131,35,41,0.706
Venka,0.95,205.3,0.99,0.68,131.6,0.74,0.15,0.13,0.11,31.0,7.0,197,198,39,35,30,0.744
stew,0.95,162.7,0.93,0.71,112.1,0.59,0.3,0.04,0.06,29.0,14.0,143,154,72,10,15,0.636
Kohaibi,0.95,189.4,0.94,0.74,132.8,0.68,0.2,0.12,0.13,21.0,6.0,136,144,40,24,26,0.716
volk,0.95,181.8,0.89,0.71,124.9,0.61,0.3,0.05,0.1,30.0,22.0,158,177,79,13,25,0.681
redo,0.95,175.3,0.9,0.71,117.5,0.62,0.38,0.07,0.09,24.0,18.0,234,259,144,27,34,0.685
Kehem,0.95,177.2,0.88,0.71,112.7,0.61,0.39,0.04,0.08,25.0,27.0,332,378,213,23,45,0.696
cawn,0.95,208.2,0.96,0.7,137.5,0.72,0.27,0.13,0.15,25.0,31.0,361,377,134,66,77,0.75
Jazzyk1ns,0.94,207.3,0.99,0.67,139.2,0.73,0.18,0.16,0.17,24.0,8.0,471,475,118,106,113,0.734
dom,0.94,193.0,0.91,0.7,127.5,0.68,0.24,0.09,0.07,37.0,15.0,182,200,64,23,20,0.746
Conch,0.94,204.0,1.02,0.64,139.2,0.76,0.11,0.11,0.11,31.0,14.0,339,331,49,49,48,0.74
novacaine,0.94,204.5,0.96,0.67,131.9,0.74,0.31,0.11,0.13,21.0,6.0,175,182,72,26,31,0.771
Bard0lf,0.94,193.0,0.93,0.68,127.3,0.68,0.3,0.05,0.06,42.0,6.0,229,246,99,18,19,0.734
Polkan,0.94,176.5,0.87,0.73,109.9,0.63,0.49,0.06,0.06,34.0,3.0,144,166,113,14,14,0.725
TZX,0.94,184.1,0.9,0.71,120.9,0.65,0.33,0.08,0.09,24.0,21.0,218,241,110,28,31,0.719
rayse,0.94,190.5,0.92,0.73,123.0,0.66,0.34,0.1,0.08,27.0,10.0,357,390,182,55,45,0.725
karam1l,0.94,206.8,1.02,0.65,140.8,0.75,0.22,0.11,0.13,37.0,10.0,198,194,58,29,33,0.738
puggy,0.94,166.8,0.83,0.74,114.2,0.55,0.39,0.07,0.08,22.0,17.0,124,150,89,17,18,0.661
nobody,0.93,175.2,0.85,0.68,128.7,0.59,0.33,0.06,0.09,37.0,20.0,270,317,149,9,13,0.694
Psyche,0.93,216.4,0.94,0.66,134.7,0.73,0.13,0.19,0.19,27.0,15.0,165,175,29,44,43,0.774
ALEKSANDAR,0.93,158.6,0.88,0.68,104.0,0.6,0.24,0.05,0.07,52.0,16.0,119,136,48,10,14,0.68
yongled,0.93,194.1,0.91,0.69,125.9,0.69,0.26,0.05,0.1,29.0,27.0,143,157,54,10,21,0.762
Governor,0.93,210.5,1.01,0.69,141.3,0.76,0.17,0.22,0.18,21.0,10.0,309,307,68,90,73,0.758
ceeJay,0.92,174.4,0.87,0.67,113.7,0.59,0.35,0.08,0.08,22.0,7.0,157,180,92,21,20,0.682
vog,0.92,174.1,0.9,0.7,119.1,0.63,0.19,0.06,0.05,28.0,19.0,283,315,86,28,24,0.697
Jonaaa6,0.92,174.1,0.87,0.71,120.0,0.62,0.25,0.08,0.09,30.0,5.0,202,231,81,25,28,0.704
clawdia,0.92,176.2,0.89,0.71,120.8,0.61,0.21,0.08,0.09,24.0,16.0,327,367,115,42,51,0.682
deminatiX,0.92,218.5,0.98,0.64,144.6,0.75,0.11,0.19,0.24,28.0,26.0,330,337,50,84,106,0.768
Wasp,0.92,175.3,0.9,0.68,116.3,0.64,0.3,0.08,0.08,36.0,26.0,215,240,99,27,26,0.716
Wildfire,0.92,203.7,0.94,0.67,133.4,0.7,0.23,0.12,0.16,32.0,18.0,191,203,64,33,44,0.741
Precision,0.92,151.0,0.8,0.71,100.0,0.51,0.41,0.04,0.07,25.0,10.0,206,256,163,18,28,0.638
seph1roth,0.92,200.2,0.94,0.67,133.7,0.68,0.22,0.14,0.12,33.0,14.0,263,281,84,53,48,0.73
Hoax,0.92,157.7,0.79,0.72,103.9,0.55,0.41,0.02,0.07,19.0,14.0,145,183,109,6,19,0.688
Sushiboys,0.92,180.0,0.87,0.7,121.1,0.61,0.28,0.06,0.1,24.0,10.0,313,360,145,32,52,0.7
eleo,0.91,145.1,0.73,0.71,100.5,0.49,0.45,0.04,0.08,28.0,13.0,160,220,147,14,27,0.669
sHMeaty,0.91,181.1,0.85,0.72,117.7,0.62,0.37,0.1,0.13,22.0,15.0,266,312,157,43,56,0.729
Lusueno,0.91,197.6,0.92,0.73,124.2,0.69,0.4,0.05,0.1,15.0,20.0,180,195,104,14,27,0.747
Excali,0.91,168.8,0.86,0.68,113.5,0.59,0.31,0.08,0.08,36.0,16.0,154,180,82,21,22,0.684
BlackMoose,0.91,187.0,0.9,0.72,127.0,0.66,0.14,0.1,0.1,24.0,5.0,152,169,32,24,23,0.738
Cintyx,0.91,179.6,0.93,0.67,118.2,0.67,0.17,0.07,0.09,22.0,10.0,182,195,47,18,25,0.717
flyuh,0.9,177.6,0.83,0.68,118.8,0.58,0.33,0.06,0.1,26.0,13.0,129,155,73,13,22,0.698
Luid,0.9,219.0,1.04,0.69,140.1,0.8,0.14,0.18,0.2,30.0,30.0,171,164,29,38,43,0.766
Magnus,0.9,182.0,0.86,0.66,125.8,0.63,0.17,0.08,0.07,33.0,8.0,132,153,36,17,14,0.732
Tommy,0.9,177.8,0.75,0.7,110.8,0.58,0.46,0.04,0.08,31.0,8.0,129,171,102,9,17,0.77
BennY,0.9,178.8,0.89,0.64,116.0,0.64,0.24,0.09,0.14,30.0,17.0,285,322,104,41,63,0.729
dRKY,0.9,170.9,0.85,0.72,114.2,0.6,0.35,0.07,0.06,25.0,6.0,264,310,154,29,25,0.706
vascalizz,0.9,182.8,0.89,0.68,124.5,0.64,0.25,0.09,0.1,27.0,13.0,154,174,60,21,24,0.728
jas0n,0.9,189.1,0.91,0.66,124.7,0.66,0.2,0.1,0.1,25.0,13.0,213,234,65,32,32,0.727
Vickyz,0.9,170.3,0.85,0.67,112.0,0.59,0.22,0.06,0.09,24.0,16.0,155,182,57,16,23,0.697
fiziq,0.9,173.2,0.84,0.66,112.6,0.58,0.31,0.07,0.14,27.0,6.0,190,226,101,23,45,0.689
katsumi,0.89,184.3,0.89,0.66,130.8,0.65,0.16,0.09,0.1,22.0,12.0,209,235,53,29,32,0.725
Probably,0.89,183.9,0.86,0.69,124.6,0.64,0.23,0.12,0.17,28.0,22.0,167,194,60,31,45,0.743
xelA,0.89,195.9,0.91,0.65,133.0,0.69,0.19,0.12,0.15,26.0,13.0,307,336,85,52,65,0.752
gucc107,0.88,162.9,0.79,0.68,111.4,0.54,0.37,0.06,0.06,21.0,17.0,176,223,119,18,18,0.688
isaa,0.88,169.6,0.86,0.68,116.3,0.59,0.23,0.05,0.11,25.0,15.0,206,240,82,19,37,0.684
Zamal,0.88,204.1,0.88,0.63,134.4,0.7,0.17,0.16,0.23,31.0,21.0,156,177,37,35,51,0.797
kimmy,0.88,164.2,0.83,0.75,113.9,0.59,0.44,0.04,0.04,35.0,3.0,120,145,89,9,9,0.711
Matt,0.88,179.5,0.82,0.73,121.7,0.62,0.37,0.05,0.08,26.0,13.0,152,185,91,13,19,0.758
vibhoRR,0.88,181.3,0.85,0.67,118.8,0.62,0.28,0.06,0.07,32.0,14.0,166,195,75,15,18,0.733
OLIZERA,0.88,180.9,0.89,0.7,124.2,0.67,0.14,0.14,0.11,22.0,7.0,184,206,40,38,29,0.746
HUYNH,0.88,181.8,0.88,0.69,121.2,0.64,0.31,0.08,0.06,21.0,13.0,157,178,77,20,14,0.727
Stwz1,0.88,177.3,0.81,0.7,112.2,0.59,0.46,0.08,0.08,27.0,15.0,126,156,99,18,18,0.729
ZmjjKK,0.88,221.7,1.07,0.69,132.1,0.82,0.14,0.15,0.17,18.0,13.0,373,348,63,23,25,0.761
nixoon,0.87,152.3,0.76,0.71,97.1,0.52,0.38,0.09,0.14,26.0,7.0,151,200,110,25,41,0.692
canezera,0.87,211.6,0.83,0.65,134.0,0.69,0.25,0.16,0.18,31.0,13.0,147,177,52,34,39,0.835
Aryu,0.87,169.3,0.83,0.65,121.7,0.61,0.21,0.06,0.06,27.0,13.0,186,223,64,18,19,0.729
kongared,0.87,157.0,0.84,0.69,104.1,0.58,0.25,0.05,0.08,35.0,26.0,224,268,95,21,29,0.696
alvin,0.87,211.1,0.94,0.68,138.6,0.76,0.13,0.11,0.19,32.0,13.0,274,291,46,38,68,0.808
wPanda,0.86,167.6,0.8,0.67,111.6,0.59,0.35,0.05,0.07,30.0,11.0,265,331,157,22,31,0.74
CHICHOO,0.86,186.9,1.0,0.65,120.0,0.66,0.22,0.09,0.11,27.0,4.0,301,300,102,13,16,0.656
ion2x,0.86,209.5,0.92,0.65,136.1,0.75,0.15,0.13,0.18,30.0,8.0,366,400,76,63,87,0.815
Calvrix,0.86,169.1,0.82,0.59,117.3,0.62,0.2,0.05,0.06,28.0,5.0,144,175,47,12,13,0.748
hellff,0.86,155.8,0.74,0.66,105.3,0.55,0.42,0.06,0.08,25.0,4.0,168,227,128,17,26,0.742
Ponder,0.86,199.3,0.87,0.66,135.5,0.68,0.17,0.11,0.09,34.0,10.0,305,352,78,48,41,0.787
Rexgator,0.86,171.8,0.73,0.7,108.0,0.57,0.39,0.06,0.07,21.0,15.0,141,193,97,16,18,0.775
bearkun,0.85,164.5,0.77,0.7,107.6,0.57,0.35,0.06,0.07,19.0,14.0,214,279,133,21,25,0.738
Nahsie,0.84,168.5,0.79,0.71,110.7,0.58,0.38,0.03,0.08,28.0,17.0,188,238,123,9,26,0.735
PIGGY,0.84,174.9,0.78,0.71,112.0,0.59,0.37,0.09,0.11,24.0,8.0,265,341,166,40,51,0.763
Bobovo,0.84,156.5,0.75,0.68,105.9,0.54,0.33,0.11,0.08,25.0,7.0,126,168,77,26,19,0.715
STAVINCI,0.84,158.1,0.75,0.66,103.2,0.57,0.48,0.06,0.11,39.0,22.0,119,158,101,13,22,0.756
howlsv,0.84,179.6,0.78,0.68,116.4,0.61,0.36,0.09,0.12,27.0,19.0,125,160,74,18,25,0.777
Town,0.83,173.9,0.77,0.71,117.6,0.61,0.38,0.08,0.15,28.0,26.0,140,183,86,18,34,0.799
tsack,0.83,156.6,0.75,0.65,107.2,0.55,0.17,0.06,0.06,25.0,17.0,141,189,44,16,15,0.735
Lazee,0.83,168.0,0.75,0.66,111.3,0.56,0.37,0.06,0.1,25.0,8.0,122,163,80,13,21,0.751
MERZ,0.83,161.5,0.75,0.65,105.3,0.55,0.31,0.06,0.11,24.0,16.0,240,318,136,27,47,0.724
Suka,0.83,168.3,0.81,0.65,120.2,0.6,0.25,0.04,0.1,34.0,13.0,123,151,51,9,21,0.74
JSP,0.82,186.1,0.84,0.64,126.2,0.67,0.21,0.12,0.15,33.0,14.0,142,169,44,25,32,0.801
chqse,0.82,163.6,0.8,0.67,105.1,0.59,0.2,0.06,0.11,22.0,8.0,140,176,47,13,26,0.746
Papi,0.82,180.6,0.77,0.67,127.9,0.63,0.26,0.13,0.15,24.0,25.0,203,265,83,42,47,0.818
LunaFox,0.82,189.4,0.78,0.65,128.3,0.62,0.34,0.1,0.14,30.0,6.0,145,186,79,24,32,0.795
sarah,0.82,153.3,0.77,0.66,97.5,0.55,0.26,0.05,0.07,28.0,17.0,114,149,54,11,14,0.716
Spolen,0.82,150.2,0.73,0.71,105.5,0.53,0.43,0.03,0.04,36.0,14.0,144,196,117,9,11,0.721
azury,0.81,169.6,0.82,0.67,116.2,0.61,0.23,0.1,0.09,29.0,12.0,181,222,68,29,27,0.753
MattZ,0.81,197.3,0.83,0.65,132.8,0.68,0.22,0.1,0.11,29.0,4.0,226,271,74,33,35,0.821
Dory,0.81,152.9,0.74,0.67,101.0,0.55,0.37,0.06,0.07,32.0,11.0,146,196,97,16,18,0.742
Gonchz,0.8,176.5,0.8,0.63,121.5,0.63,0.13,0.07,0.13,28.0,19.0,130,162,26,15,27,0.786
Haodong,0.8,171.6,0.87,0.71,101.8,0.61,0.37,0.06,0.09,30.0,14.0,278,320,168,9,14,0.7
cait,0.8,150.4,0.68,0.63,105.1,0.5,0.32,0.04,0.05,18.0,11.0,106,156,68,9,11,0.729
Lilo,0.79,186.2,0.78,0.63,124.6,0.64,0.2,0.15,0.24,23.0,17.0,153,195,47,35,58,0.816
Quick,0.75,136.2,0.69,0.66,92.2,0.5,0.3,0.05,0.11,26.0,11.0,138,199,84,15,30,0.721
x0tek,0.74,150.6,0.64,0.66,102.9,0.51,0.31,0.08,0.12,25.0,5.0,164,256,101,27,38,0.79
